lambda,base_score,base_score_actual,new_score
0.5,6.47604501226739,5.654020019373587,6.022914846202461
