AUC,treatment,non_treatment
0.6132962136238772,0.3353497793196138,0.3255975272682141
